Cluster,Age,Purchase Amount (USD),Review Rating,Previous Purchases,Gender,Category,Season,Size,Subscription Status,Frequency of Purchases,Customer Lifetime Value,Seasonality Score
0,45.11995753715499,78.47027600849258,3.7957537154989383,39.04352441613588,0.643312101910828,0.9596602972399151,1.489384288747346,1.1475583864118897,0.14331210191082802,40.5828025477707,3025.195329087049,26.650743099787686
1,44.393077873918415,55.51297898640296,3.735228677379481,23.484548825710753,1.0,1.0135970333745365,1.4363411619283066,1.0754017305315204,1.0,40.87515451174289,1225.4660074165636,21.993819530284302
2,44.501234567901236,57.90864197530864,3.7525925925925927,24.735802469135802,0.7012345679012346,1.0148148148148148,2.0197530864197533,1.145679012345679,0.2691358024691358,365.0,1412.5407407407408,737.2098765432099
3,43.24942660550459,52.06364678899082,3.731422018348624,18.965022935779817,0.5464449541284404,1.0160550458715596,1.3985091743119267,1.1198394495412844,0.0,39.236811926605505,863.8216743119266,21.88474770642202
